الاسم,الرقم الوظيفي,السجل المدني,الجنس,الجهة,نوع المرض أو الإعاقة,تلقيت علاجًا,الحالة النفسية بالعمل,صعوبات التعامل مع الآخرين,الدعم من مديرك,الاحتياجات,التحديات,مؤشر الرضا الوظيفي,مؤشر الصعوبات,مؤشر الاحتياجات الطبية
أحمد محمد علي ,25791,215444564,ذكر,الإدارة العامة لمراقبة المخزون,كفيف,1,جيدة,0,1,أجهزة طبية,الحركة,1,1,1
فاطمة خالد حسن,79935,215444565,انثى,الإدارة العامة للمكتبات,أبكم,0,متوسطة,0,1,أدوية,التواصل,3,0,2
علي محمود سعيد,80979,215444566,ذكر,الإدارة العامة للمساجد,أصم,0,متوسطة,0,1,تأهيل نفسي,طبيعة العمل,2,2,3
سارة عبدالله راشد,39389,215444567,انثى,الإدارة العامة للعمرة,أصم وأبكم,1,متوسطة,0,0,أجهزة طبية,الحركة,0,3,2
خالد سعيد إبراهيم,62025,215444568,ذكر,الإدارة العامة للزكاة,صعوبة نطق,1,متوسطة,0,1,أدوية,التواصل,3,0,3
ليلى عمر ناصر,44858,215444569,انثى,الإدارة العامة للدخل,مرض السكري,0,متوسطة,0,1,تأهيل نفسي,طبيعة العمل,2,1,0
محمد حسن علي,62441,215444570,ذكر,الإدارة العامة للصوامع,ارتفاع ضغط الدم,1,متوسطة,0,1,أجهزة طبية,الحركة,1,2,4
مريم وليد خليل,44290,215444571,انثى,الإدارة العامة لمراقبة المخزون,أمراض شرايين القلب,0,متوسطة,0,1,أدوية,التواصل,1,3,1
عمر أحمد فهد,50740,215444572,ذكر,الإدارة العامة للمكتبات,أمراض الشرايين الطرفية,1,متوسطة,0,1,تأهيل نفسي,طبيعة العمل,3,0,3
آمنة سعد عبدالرحمن,10777,215444573,انثى,الإدارة العامة للمساجد,أمراض الكلى المزمنة,0,متوسطة,0,0,أجهزة طبية,الحركة,1,1,0
عبدالله راشد خالد,17826,215444574,ذكر,الإدارة العامة للعمرة,أمراض الكبد المزمنة,0,متوسطة,0,1,أدوية,التواصل,3,2,4
حصة سليمان محمد,96010,215444575,انثى,الإدارة العامة للزكاة,الأزمة التنفسية,0,متوسطة,0,1,تأهيل نفسي,طبيعة العمل,1,3,1
سعيد علي فهد,78955,215444576,ذكر,الإدارة العامة للدخل,الانسداد الرئوي,0,متوسطة,0,1,أجهزة طبية,الحركة,2,0,3
نورة عبدالعزيز سعود,93905,215444577,انثى,الإدارة العامة للصوامع,جسدية,0,متوسطة,0,1,أدوية,التواصل,1,1,0
محمود خالد سليمان,96012,215444578,ذكر,الإدارة العامة لمراقبة المخزون,حسية,0,متوسطة,0,1,تأهيل نفسي,طبيعة العمل,3,2,3
عائشة فهد ناصر,25887,215444579,انثى,الإدارة العامة للمكتبات,إعاقة حركية,0,سيئة,0,1,أجهزة طبية,الحركة,2,3,2
يوسف محمد علي,47769,215444580,ذكر,الإدارة العامة للمساجد,مرض مزمن,0,جيدة,0,1,أدوية,التواصل,1,0,3
منى عبدالله سعيد,12967,215444581,انثى,الإدارة العامة للعمرة,مرض مستعصي,0,متوسطة,0,1,تأهيل نفسي,طبيعة العمل,3,1,0
فهد خالد راشد,30780,215444582,ذكر,الإدارة العامة للزكاة,فقدان أحد الأطراف,0,جيدة,0,1,أجهزة طبية,الحركة,1,2,4
هند سعد محمد,43459,215444583,انثى,الإدارة العامة للدخل,أخرى,0,سيئة,0,1,أدوية,التواصل,2,3,1
إبراهيم علي محمود,40051,215444584,ذكر,الإدارة العامة لمراقبة المخزون,كفيف,1,متوسطة,0,1,تأهيل نفسي,طبيعة العمل,3,1,1
ريم وليد خالد,68581,215444585,انثى,الإدارة العامة للمكتبات,أبكم,0,جيدة,0,1,أجهزة طبية,الحركة,1,0,2
سليمان أحمد فهد,48913,215444586,ذكر,الإدارة العامة للمساجد,أصم,1,جيدة,0,1,أدوية,التواصل,2,2,4
أسماء سعيد حسن,44106,215444587,انثى,الإدارة العامة للعمرة,أصم وأبكم,0,جيدة,0,1,تأهيل نفسي,طبيعة العمل,3,3,1
عبدالرحمن خالد علي,26043,215444588,ذكر,الإدارة العامة للزكاة,صعوبة نطق,1,جيدة,0,1,أجهزة طبية,الحركة,1,0,3
مها محمد سعد,58722,215444589,انثى,الإدارة العامة للدخل,مرض السكري,0,جيدة,0,1,أدوية,التواصل,1,1,0
حسن فهد عبدالله,76399,215444590,ذكر,الإدارة العامة للصوامع,ارتفاع ضغط الدم,0,جيدة,0,1,تأهيل نفسي,طبيعة العمل,2,2,3
لولوا خالد ناصر,83509,215444591,انثى,الإدارة العامة لمراقبة المخزون,أمراض شرايين القلب,1,جيدة,0,1,أجهزة طبية,الحركة,3,3,2
ناصر سعيد علي,40792,215444592,ذكر,الإدارة العامة للمكتبات,أمراض الشرايين الطرفية,1,جيدة,0,1,أدوية,التواصل,1,0,3
شيماء عبدالعزيز راشد,60657,215444593,انثى,الإدارة العامة للمساجد,أمراض الكلى المزمنة,0,جيدة,0,1,تأهيل نفسي,طبيعة العمل,2,1,0
راشد محمد خالد,28264,215444594,ذكر,الإدارة العامة للعمرة,أمراض الكبد المزمنة,1,جيدة,0,1,أجهزة طبية,الحركة,1,2,4
سحر سعد فهد,37025,215444595,انثى,الإدارة العامة للزكاة,الأزمة التنفسية,0,جيدة,0,1,أدوية,التواصل,3,3,1
وليد علي محمود,91950,215444596,ذكر,الإدارة العامة للدخل,الانسداد الرئوي,1,جيدة,0,1,تأهيل نفسي,طبيعة العمل,2,0,3
فاطمة خالد سعيد,10484,215444597,انثى,الإدارة العامة للصوامع,جسدية,0,جيدة,0,1,أجهزة طبية,الحركة,1,1,0
سعود عبدالله حسن,51628,215444598,ذكر,الإدارة العامة لمراقبة المخزون,حسية,1,جيدة,0,1,أدوية,التواصل,3,2,4
جواهر محمد ناصر,24382,215444599,انثى,الإدارة العامة للمكتبات,إعاقة حركية,0,جيدة,0,1,تأهيل نفسي,طبيعة العمل,2,3,1
علي سعيد خالد,76842,215444600,ذكر,الإدارة العامة للمساجد,مرض مزمن,1,جيدة,0,1,أجهزة طبية,الحركة,1,0,3
نوف عبدالرحمن فهد,83521,215444601,انثى,الإدارة العامة للعمرة,مرض مستعصي,0,جيدة,0,1,أدوية,التواصل,1,1,0
خليل أحمد سعد,98339,215444602,ذكر,الإدارة العامة للزكاة,فقدان أحد الأطراف,0,جيدة,0,1,تأهيل نفسي,طبيعة العمل,3,2,3
هدى خالد محمد,89626,215444603,انثى,الإدارة العامة للدخل,أخرى,1,جيدة,0,0,أجهزة طبية,الحركة,1,3,2
عبدالعزيز سليمان علي,67205,215444604,ذكر,الإدارة العامة لمراقبة المخزون,كفيف,1,جيدة,0,1,أدوية,التواصل,3,1,1
أروى فهد راشد,25668,215444605,انثى,الإدارة العامة للمكتبات,أبكم,0,جيدة,0,1,تأهيل نفسي,طبيعة العمل,1,0,2
سعد محمد خالد,48202,215444606,ذكر,الإدارة العامة للمساجد,أصم,1,جيدة,0,1,أجهزة طبية,الحركة,2,2,4
لمى سعيد عبدالله,37145,215444607,انثى,الإدارة العامة للعمرة,أصم وأبكم,0,جيدة,0,1,أدوية,التواصل,1,3,1
فهد علي حسن,56308,215444608,ذكر,الإدارة العامة للزكاة,صعوبة نطق,1,جيدة,0,1,تأهيل نفسي,طبيعة العمل,3,0,3
ريماس خالد سعد,30998,215444609,انثى,الإدارة العامة للدخل,مرض السكري,0,جيدة,0,1,أجهزة طبية,الحركة,2,1,0
محسن أحمد فهد,87707,215444610,ذكر,الإدارة العامة للصوامع,ارتفاع ضغط الدم,1,جيدة,0,1,أدوية,التواصل,1,2,4
سارة سليمان محمد,81296,215444611,انثى,الإدارة العامة لمراقبة المخزون,أمراض شرايين القلب,0,جيدة,0,1,تأهيل نفسي,طبيعة العمل,3,3,1
عبدالرحمن خالد علي,54481,215444612,ذكر,الإدارة العامة للمكتبات,أمراض الشرايين الطرفية,1,جيدة,0,1,أجهزة طبية,الحركة,1,0,3
مريم سعد ناصر,70611,215444613,انثى,الإدارة العامة للمساجد,أمراض الكلى المزمنة,0,جيدة,0,1,أدوية,التواصل,2,1,0
يحيى محمد خالد,84584,215444614,ذكر,الإدارة العامة للعمرة,أمراض الكبد المزمنة,0,جيدة,0,1,تأهيل نفسي,طبيعة العمل,3,2,3
نادية فهد سعيد,73470,215444615,انثى,الإدارة العامة للزكاة,الأزمة التنفسية,1,جيدة,0,1,أجهزة طبية,الحركة,1,3,2
سلمان علي عبدالله,42137,215444616,ذكر,الإدارة العامة للدخل,الانسداد الرئوي,1,جيدة,0,1,أدوية,التواصل,2,0,3
غادة خالد حسن,20217,215444617,انثى,الإدارة العامة للصوامع,جسدية,0,جيدة,0,1,تأهيل نفسي,طبيعة العمل,3,1,0
إسماعيل سعد محمد,92606,215444618,ذكر,الإدارة العامة لمراقبة المخزون,حسية,1,جيدة,0,1,أجهزة طبية,الحركة,1,2,4
فدوى عبدالعزيز راشد,31953,215444619,انثى,الإدارة العامة للمكتبات,إعاقة حركية,0,جيدة,0,1,أدوية,التواصل,1,3,1
طارق خالد فهد,32202,215444620,ذكر,الإدارة العامة للمساجد,مرض مزمن,1,جيدة,0,1,تأهيل نفسي,طبيعة العمل,2,0,3
أمل سعيد علي,66078,215444621,انثى,الإدارة العامة للعمرة,مرض مستعصي,0,جيدة,0,1,أجهزة طبية,الحركة,3,1,0
عبدالملك محمد خالد,55260,215444622,ذكر,الإدارة العامة للزكاة,فقدان أحد الأطراف,1,جيدة,0,1,أدوية,التواصل,1,2,4
سمية سعد ناصر,43213,215444623,انثى,الإدارة العامة للدخل,أخرى,0,جيدة,0,1,تأهيل نفسي,طبيعة العمل,2,3,1
بدر علي سعيد,42136,215444624,ذكر,الإدارة العامة لمراقبة المخزون,كفيف,1,جيدة,0,1,أجهزة طبية,الحركة,1,1,1
منال خالد فهد,99677,215444625,انثى,الإدارة العامة للمكتبات,أبكم,0,جيدة,0,1,أدوية,التواصل,3,0,2
هشام أحمد محمد,29924,215444626,ذكر,الإدارة العامة للمساجد,أصم,0,جيدة,0,1,تأهيل نفسي,طبيعة العمل,2,2,3
عبير سليمان خالد,12889,215444627,انثى,الإدارة العامة للعمرة,أصم وأبكم,1,جيدة,0,1,أجهزة طبية,الحركة,1,3,2
فارس سعد عبدالله,43169,215444628,ذكر,الإدارة العامة للزكاة,صعوبة نطق,1,جيدة,0,1,أدوية,التواصل,3,0,3
نجلاء فهد حسن,13087,215444629,انثى,الإدارة العامة للدخل,مرض السكري,0,جيدة,0,1,تأهيل نفسي,طبيعة العمل,2,1,0
زيد محمد خالد,72638,215444630,ذكر,الإدارة العامة للصوامع,ارتفاع ضغط الدم,1,جيدة,0,1,أجهزة طبية,الحركة,1,2,4
رغد سعيد علي,46719,215444631,انثى,الإدارة العامة لمراقبة المخزون,أمراض شرايين القلب,0,جيدة,0,1,أدوية,التواصل,1,3,1
سامي خالد فهد,64709,215444632,ذكر,الإدارة العامة للمكتبات,أمراض الشرايين الطرفية,1,جيدة,0,1,تأهيل نفسي,طبيعة العمل,3,0,3
لمياء سعد ناصر,37863,215444633,انثى,الإدارة العامة للمساجد,أمراض الكلى المزمنة,0,جيدة,0,1,أجهزة طبية,الحركة,2,1,0
عبدالهادي محمد خالد,93530,215444634,ذكر,الإدارة العامة للعمرة,أمراض الكبد المزمنة,1,جيدة,0,1,أدوية,التواصل,3,2,4
ألما فهد سعيد,46363,215444635,انثى,الإدارة العامة للزكاة,الأزمة التنفسية,0,جيدة,0,1,تأهيل نفسي,طبيعة العمل,1,3,1
رائد علي عبدالله,23228,215444636,ذكر,الإدارة العامة للدخل,الانسداد الرئوي,1,جيدة,0,1,أجهزة طبية,الحركة,2,0,3
سجى خالد حسن,19198,215444637,انثى,الإدارة العامة للصوامع,جسدية,0,جيدة,0,1,أدوية,التواصل,1,1,0
عدي سعد محمد,31965,215444638,ذكر,الإدارة العامة لمراقبة المخزون,حسية,0,جيدة,0,1,تأهيل نفسي,طبيعة العمل,3,2,3
إيناس فهد خالد,97905,215444639,انثى,الإدارة العامة للمكتبات,إعاقة حركية,1,جيدة,0,1,أجهزة طبية,الحركة,2,3,2
أنس علي سعيد,50263,215444640,ذكر,الإدارة العامة للمساجد,مرض مزمن,1,جيدة,0,1,أدوية,التواصل,1,0,3
ميسم سعد ناصر,60913,215444641,انثى,الإدارة العامة للعمرة,مرض مستعصي,0,جيدة,0,1,تأهيل نفسي,طبيعة العمل,3,1,0
جمال محمد خالد,59488,215444642,ذكر,الإدارة العامة للزكاة,فقدان أحد الأطراف,1,جيدة,0,1,أجهزة طبية,الحركة,1,2,4
ريم فهد عبدالله,61164,215444643,انثى,الإدارة العامة للدخل,أخرى,0,جيدة,1,1,أدوية,التواصل,2,3,1
وسام سعيد علي,77420,215444644,ذكر,الإدارة العامة لمراقبة المخزون,كفيف,1,جيدة,0,1,تأهيل نفسي,طبيعة العمل,3,1,1
سلمى خالد حسن,42398,215444645,انثى,الإدارة العامة للمكتبات,أبكم,0,جيدة,0,1,أجهزة طبية,الحركة,1,0,2
نايف سعد محمد,73375,215444646,ذكر,الإدارة العامة للمساجد,أصم,1,جيدة,0,1,أدوية,التواصل,2,2,4
هبة فهد خالد,37040,215444647,انثى,الإدارة العامة للعمرة,أصم وأبكم,0,جيدة,0,1,تأهيل نفسي,طبيعة العمل,3,3,1
طه علي سعيد,63500,215444648,ذكر,الإدارة العامة للزكاة,صعوبة نطق,1,جيدة,0,1,أجهزة طبية,الحركة,1,0,3
دانة سعد ناصر,42244,215444649,انثى,الإدارة العامة للدخل,مرض السكري,0,جيدة,0,1,أدوية,التواصل,1,1,0
مؤمن محمد خالد,28007,215444650,ذكر,الإدارة العامة للصوامع,ارتفاع ضغط الدم,0,جيدة,1,1,تأهيل نفسي,طبيعة العمل,2,2,3
سارة فهد عبدالله,91906,215444651,انثى,الإدارة العامة لمراقبة المخزون,أمراض شرايين القلب,1,جيدة,1,1,أجهزة طبية,الحركة,3,3,2
خالد سعيد علي,34394,215444652,ذكر,الإدارة العامة للمكتبات,أمراض الشرايين الطرفية,1,جيدة,1,1,أدوية,التواصل,1,0,3
أسماء خالد حسن,55763,215444653,انثى,الإدارة العامة للمساجد,أمراض الكلى المزمنة,0,جيدة,1,1,تأهيل نفسي,طبيعة العمل,2,1,0
سعد محمد فهد,43205,215444654,ذكر,الإدارة العامة للعمرة,أمراض الكبد المزمنة,1,جيدة,1,1,أجهزة طبية,الحركة,1,2,4
ريم سعد ناصر,29474,215444655,انثى,الإدارة العامة للزكاة,الأزمة التنفسية,0,جيدة,1,1,أدوية,التواصل,3,3,1
علي خالد سعيد,19920,215444656,ذكر,الإدارة العامة للدخل,الانسداد الرئوي,1,جيدة,1,1,تأهيل نفسي,طبيعة العمل,2,0,3
فاطمة فهد عبدالله,33798,215444657,انثى,الإدارة العامة للصوامع,جسدية,0,جيدة,1,1,أجهزة طبية,الحركة,1,1,0
عبدالله سعد محمد,21016,215444658,ذكر,الإدارة العامة لمراقبة المخزون,حسية,1,جيدة,1,1,أدوية,التواصل,3,2,4
مريم خالد حسن,30580,215444659,انثى,الإدارة العامة للمكتبات,إعاقة حركية,0,جيدة,1,1,تأهيل نفسي,طبيعة العمل,2,3,1
محمد علي سعيد,40290,215444660,ذكر,الإدارة العامة للمساجد,مرض مزمن,1,جيدة,1,1,أجهزة طبية,الحركة,1,0,3
نورة فهد ناصر,22363,215444661,انثى,الإدارة العامة للعمرة,مرض مستعصي,0,جيدة,1,1,أدوية,التواصل,1,1,0
خالد سعد عبدالله,66201,215444662,ذكر,الإدارة العامة للزكاة,فقدان أحد الأطراف,0,جيدة,1,1,تأهيل نفسي,طبيعة العمل,3,2,3
سارة خالد فهد,85340,215444663,انثى,الإدارة العامة للدخل,أخرى,1,جيدة,0,1,أجهزة طبية,الحركة,2,3,2
أحمد سعيد علي,29644,215444664,ذكر,الإدارة العامة لمراقبة المخزون,كفيف,1,جيدة,0,1,أدوية,التواصل,3,1,1
ليلى سعد محمد,59225,215444665,انثى,الإدارة العامة للمكتبات,أبكم,0,جيدة,0,1,تأهيل نفسي,طبيعة العمل,1,0,2
فهد خالد حسن,86512,215444666,ذكر,الإدارة العامة للمساجد,أصم,1,جيدة,0,1,أجهزة طبية,الحركة,2,2,4
آمنة فهد ناصر,56183,215444667,انثى,الإدارة العامة للعمرة,أصم وأبكم,0,جيدة,0,1,أدوية,التواصل,1,3,1
عبدالرحمن سعد عبدالله,88071,215444668,ذكر,الإدارة العامة للزكاة,صعوبة نطق,1,جيدة,0,1,تأهيل نفسي,طبيعة العمل,3,0,3
مها خالد سعيد,25316,215444669,انثى,الإدارة العامة للدخل,مرض السكري,0,جيدة,0,1,أجهزة طبية,الحركة,2,1,0
حسن محمد فهد,75874,215444670,ذكر,الإدارة العامة للصوامع,ارتفاع ضغط الدم,1,جيدة,0,1,أدوية,التواصل,1,2,4
لولوا سعد ناصر,80726,215444671,انثى,الإدارة العامة لمراقبة المخزون,أمراض شرايين القلب,0,جيدة,0,1,تأهيل نفسي,طبيعة العمل,3,3,1
ناصر خالد علي,64149,215444672,ذكر,الإدارة العامة للمكتبات,أمراض الشرايين الطرفية,1,جيدة,0,1,أجهزة طبية,الحركة,1,0,3
شيماء فهد عبدالله,22744,215444673,انثى,الإدارة العامة للمساجد,أمراض الكلى المزمنة,0,جيدة,0,1,أدوية,التواصل,2,1,0
راشد سعد محمد,81570,215444674,ذكر,الإدارة العامة للعمرة,أمراض الكبد المزمنة,0,جيدة,0,1,تأهيل نفسي,طبيعة العمل,3,2,3
سحر خالد حسن,64195,215444675,انثى,الإدارة العامة للزكاة,الأزمة التنفسية,1,جيدة,0,1,أجهزة طبية,الحركة,1,3,2
وليد سعيد فهد,69563,215444676,ذكر,الإدارة العامة للدخل,الانسداد الرئوي,1,جيدة,0,1,أدوية,التواصل,2,0,3
فاطمة سعد ناصر,69009,215444677,انثى,الإدارة العامة للصوامع,جسدية,0,جيدة,0,1,تأهيل نفسي,طبيعة العمل,3,1,0
سعود خالد عبدالله,18390,215444678,ذكر,الإدارة العامة لمراقبة المخزون,حسية,1,جيدة,0,1,أجهزة طبية,الحركة,1,2,4
جواهر سعيد علي,78787,215444679,انثى,الإدارة العامة للمكتبات,إعاقة حركية,0,جيدة,0,1,أدوية,التواصل,1,3,1
علي فهد محمد,16175,215444680,ذكر,الإدارة العامة للمساجد,مرض مزمن,1,جيدة,0,1,تأهيل نفسي,طبيعة العمل,2,0,3
نوف سعد خالد,32318,215444681,انثى,الإدارة العامة للعمرة,مرض مستعصي,0,جيدة,0,1,أجهزة طبية,الحركة,3,1,0
خليل سعيد ناصر,26138,215444682,ذكر,الإدارة العامة للزكاة,فقدان أحد الأطراف,1,جيدة,0,1,أدوية,التواصل,1,2,4
هدى فهد عبدالله,83573,215444683,انثى,الإدارة العامة للدخل,أخرى,0,جيدة,0,1,تأهيل نفسي,طبيعة العمل,2,3,1
عبدالعزيز سعد محمد,11039,215444684,ذكر,الإدارة العامة لمراقبة المخزون,كفيف,1,جيدة,0,1,أجهزة طبية,الحركة,1,1,1
أروى خالد حسن,54505,215444685,انثى,الإدارة العامة للمكتبات,أبكم,0,جيدة,0,1,أدوية,التواصل,3,0,2
سعد سعيد فهد,74571,215444686,ذكر,الإدارة العامة للمساجد,أصم,0,جيدة,0,1,تأهيل نفسي,طبيعة العمل,2,2,3
لمى فهد ناصر,96751,215444687,انثى,الإدارة العامة للعمرة,أصم وأبكم,1,جيدة,0,1,أجهزة طبية,الحركة,1,3,2
فهد سعد عبدالله,67837,215444688,ذكر,الإدارة العامة للزكاة,صعوبة نطق,1,جيدة,0,1,أدوية,التواصل,3,0,3
ريماس خالد سعيد,52101,215444689,انثى,الإدارة العامة للدخل,مرض السكري,0,جيدة,0,1,تأهيل نفسي,طبيعة العمل,2,1,0
محسن سعد محمد,72712,215444690,ذكر,الإدارة العامة للصوامع,ارتفاع ضغط الدم,1,جيدة,0,1,أجهزة طبية,الحركة,1,2,4
سارة خالد فهد,15463,215444691,انثى,الإدارة العامة لمراقبة المخزون,أمراض شرايين القلب,0,جيدة,0,1,أدوية,التواصل,1,3,1
عبدالرحمن سعيد علي,10944,215444692,ذكر,الإدارة العامة للمكتبات,أمراض الشرايين الطرفية,1,جيدة,0,1,تأهيل نفسي,طبيعة العمل,3,0,3
مريم فهد ناصر,18375,215444693,انثى,الإدارة العامة للمساجد,أمراض الكلى المزمنة,0,جيدة,0,1,أجهزة طبية,الحركة,2,1,0
يحيى سعد عبدالله,83967,215444694,ذكر,الإدارة العامة للعمرة,أمراض الكبد المزمنة,1,جيدة,0,1,أدوية,التواصل,3,2,4
نادية خالد سعيد,11859,215444695,انثى,الإدارة العامة للزكاة,الأزمة التنفسية,0,جيدة,0,1,تأهيل نفسي,طبيعة العمل,1,3,1
سلمان سعد محمد,59260,215444696,ذكر,الإدارة العامة للدخل,الانسداد الرئوي,1,جيدة,0,1,أجهزة طبية,الحركة,2,0,3
غادة فهد حسن,85843,215444697,انثى,الإدارة العامة للصوامع,جسدية,0,جيدة,0,1,أدوية,التواصل,1,1,0
إسماعيل خالد ناصر,84258,215444698,ذكر,الإدارة العامة لمراقبة المخزون,حسية,0,جيدة,0,1,تأهيل نفسي,طبيعة العمل,3,2,3
فدوى سعد عبدالله,99450,215444699,انثى,الإدارة العامة للمكتبات,إعاقة حركية,1,جيدة,0,1,أجهزة طبية,الحركة,2,3,2
طارق سعيد فهد,24357,215444700,ذكر,الإدارة العامة للمساجد,مرض مزمن,1,جيدة,0,1,أدوية,التواصل,1,0,3
أمل خالد محمد,33240,215444701,انثى,الإدارة العامة للعمرة,مرض مستعصي,0,جيدة,0,1,تأهيل نفسي,طبيعة العمل,3,1,0
عبدالملك سعد ناصر,49789,215444702,ذكر,الإدارة العامة للزكاة,فقدان أحد الأطراف,1,جيدة,0,1,أجهزة طبية,الحركة,1,2,4
سمية فهد عبدالله,82029,215444703,انثى,الإدارة العامة للدخل,أخرى,0,جيدة,0,1,أدوية,التواصل,2,3,1
بدر خالد سعيد,13209,215444704,ذكر,الإدارة العامة لمراقبة المخزون,كفيف,1,جيدة,0,1,تأهيل نفسي,طبيعة العمل,3,1,1
منال سعد محمد,20550,215444705,انثى,الإدارة العامة للمكتبات,أبكم,0,جيدة,0,1,أجهزة طبية,الحركة,1,0,2
هشام فهد حسن,47448,215444706,ذكر,الإدارة العامة للمساجد,أصم,1,جيدة,0,1,أدوية,التواصل,2,2,4
عبير خالد ناصر,50635,215444707,انثى,الإدارة العامة للعمرة,أصم وأبكم,0,جيدة,0,1,تأهيل نفسي,طبيعة العمل,3,3,1
فارس سعد عبدالله,64060,215444708,ذكر,الإدارة العامة للزكاة,صعوبة نطق,1,جيدة,0,1,أجهزة طبية,الحركة,1,0,3
نجلاء سعيد فهد,18690,215444709,انثى,الإدارة العامة للدخل,مرض السكري,0,جيدة,0,1,أجهزة طبية,التواصل,1,1,0
زيد خالد محمد,95644,215444710,ذكر,الإدارة العامة للصوامع,ارتفاع ضغط الدم,0,جيدة,0,1,أجهزة طبية,طبيعة العمل,2,2,3
رغد سعد ناصر,24910,215444711,انثى,الإدارة العامة لمراقبة المخزون,أمراض شرايين القلب,1,جيدة,0,1,أجهزة طبية,الحركة,3,3,2
سامي فهد عبدالله,49146,215444712,ذكر,الإدارة العامة للمكتبات,أمراض الشرايين الطرفية,1,جيدة,0,1,أجهزة طبية,التواصل,1,0,3
لمياء خالد سعيد,72153,215444713,انثى,الإدارة العامة للمساجد,أمراض الكلى المزمنة,0,جيدة,0,1,أجهزة طبية,طبيعة العمل,2,1,0
عبدالهادي سعد محمد,14002,215444714,ذكر,الإدارة العامة للعمرة,أمراض الكبد المزمنة,1,جيدة,0,1,أجهزة طبية,الحركة,1,2,4
ألما فهد حسن,45040,215444715,انثى,الإدارة العامة للزكاة,الأزمة التنفسية,0,جيدة,0,1,أجهزة طبية,التواصل,3,3,1
رائد خالد ناصر,81123,215444716,ذكر,الإدارة العامة للدخل,الانسداد الرئوي,1,جيدة,0,1,أجهزة طبية,طبيعة العمل,2,0,3
سجى سعد عبدالله,11214,215444717,انثى,الإدارة العامة للصوامع,جسدية,0,جيدة,0,1,أجهزة طبية,الحركة,1,1,0
عدي سعيد فهد,93368,215444718,ذكر,الإدارة العامة لمراقبة المخزون,حسية,1,جيدة,0,1,أجهزة طبية,التواصل,3,2,4
إيناس خالد محمد,79931,215444719,انثى,الإدارة العامة للمكتبات,إعاقة حركية,0,جيدة,0,1,أجهزة طبية,طبيعة العمل,2,3,1
أنس سعد ناصر,59904,215444720,ذكر,الإدارة العامة للمساجد,مرض مزمن,1,جيدة,0,1,أجهزة طبية,الحركة,1,0,3
ميسم فهد عبدالله,52049,215444721,انثى,الإدارة العامة للعمرة,مرض مستعصي,0,جيدة,0,1,أجهزة طبية,التواصل,1,1,0
جمال خالد سعيد,32111,215444722,ذكر,الإدارة العامة للزكاة,فقدان أحد الأطراف,0,جيدة,0,1,أجهزة طبية,طبيعة العمل,3,2,3
ريم سعد محمد,17787,215444723,انثى,الإدارة العامة للدخل,أخرى,1,جيدة,0,1,أجهزة طبية,الحركة,2,3,2
وسام فهد حسن,72581,215444724,ذكر,الإدارة العامة لمراقبة المخزون,كفيف,1,جيدة,0,1,أجهزة طبية,التواصل,3,1,1
سلمى خالد ناصر,20857,215444725,انثى,الإدارة العامة للمكتبات,أبكم,0,جيدة,0,1,أجهزة طبية,طبيعة العمل,1,0,2
نايف سعد عبدالله,34026,215444726,ذكر,الإدارة العامة للمساجد,أصم,1,جيدة,0,1,أجهزة طبية,الحركة,2,2,4
هبة سعيد فهد,44693,215444727,انثى,الإدارة العامة للعمرة,أصم وأبكم,0,جيدة,0,1,أجهزة طبية,التواصل,1,3,1
طه خالد محمد,60588,215444728,ذكر,الإدارة العامة للزكاة,صعوبة نطق,1,جيدة,0,1,أجهزة طبية,طبيعة العمل,3,0,3
دانة سعد ناصر,51212,215444729,انثى,الإدارة العامة للدخل,مرض السكري,0,جيدة,0,1,أجهزة طبية,الحركة,2,1,0
مؤمن فهد عبدالله,85290,215444730,ذكر,الإدارة العامة للصوامع,ارتفاع ضغط الدم,1,جيدة,0,1,أجهزة طبية,التواصل,1,2,4
سارة خالد سعيد,40455,215444731,انثى,الإدارة العامة لمراقبة المخزون,أمراض شرايين القلب,0,جيدة,0,1,أجهزة طبية,طبيعة العمل,3,3,1
خالد سعد محمد,57875,215444732,ذكر,الإدارة العامة للمكتبات,أمراض الشرايين الطرفية,1,جيدة,0,1,أجهزة طبية,الحركة,1,0,3
أسماء فهد حسن,47737,215444733,انثى,الإدارة العامة للمساجد,أمراض الكلى المزمنة,0,جيدة,0,1,أدوية,التواصل,2,1,0
سعد خالد ناصر,54748,215444734,ذكر,الإدارة العامة للعمرة,أمراض الكبد المزمنة,0,جيدة,0,1,تأهيل نفسي,طبيعة العمل,3,2,3
ريم سعد عبدالله,94526,215444735,انثى,الإدارة العامة للزكاة,الأزمة التنفسية,1,جيدة,0,1,أجهزة طبية,الحركة,1,3,2
علي سعيد فهد,67949,215444736,ذكر,الإدارة العامة للدخل,الانسداد الرئوي,1,جيدة,0,1,أدوية,التواصل,2,0,3
فاطمة خالد محمد,45766,215444737,انثى,الإدارة العامة للصوامع,جسدية,0,جيدة,0,1,تأهيل نفسي,طبيعة العمل,3,1,0
عبدالله سعد ناصر,24205,215444738,ذكر,الإدارة العامة لمراقبة المخزون,حسية,1,جيدة,0,1,أجهزة طبية,الحركة,1,2,4
مريم فهد عبدالله,22009,215444739,انثى,الإدارة العامة للمكتبات,إعاقة حركية,0,جيدة,0,1,أجهزة طبية,التواصل,1,3,1
محمد خالد سعيد,91506,215444740,ذكر,الإدارة العامة للمساجد,مرض مزمن,1,جيدة,0,1,أجهزة طبية,طبيعة العمل,2,0,3
نورة سعد محمد,76615,215444741,انثى,الإدارة العامة للعمرة,مرض مستعصي,0,جيدة,0,1,أجهزة طبية,الحركة,3,1,0
خالد فهد حسن,85006,215444742,ذكر,الإدارة العامة للزكاة,فقدان أحد الأطراف,1,جيدة,0,1,أجهزة طبية,التواصل,1,2,4
سارة سعيد ناصر,39322,215444743,انثى,الإدارة العامة للدخل,أخرى,0,جيدة,0,1,أجهزة طبية,طبيعة العمل,2,3,1
أحمد خالد عبدالله,82487,215444744,ذكر,الإدارة العامة لمراقبة المخزون,كفيف,1,جيدة,0,1,أجهزة طبية,الحركة,1,1,1
ليلى سعد فهد,54455,215444745,انثى,الإدارة العامة للمكتبات,أبكم,0,جيدة,0,1,أجهزة طبية,التواصل,3,0,2
فهد سعيد محمد,36598,215444746,ذكر,الإدارة العامة للمساجد,أصم,0,جيدة,0,1,أجهزة طبية,طبيعة العمل,2,2,3
آمنة خالد ناصر,81417,215444747,انثى,الإدارة العامة للعمرة,أصم وأبكم,1,جيدة,0,1,أجهزة طبية,الحركة,1,3,2
عبدالرحمن فهد عبدالله,27033,215444748,ذكر,الإدارة العامة للزكاة,صعوبة نطق,1,جيدة,0,1,أجهزة طبية,التواصل,3,0,3
مها سعد سعيد,20206,215444749,انثى,الإدارة العامة للدخل,مرض السكري,0,جيدة,0,1,أجهزة طبية,طبيعة العمل,2,1,0
حسن خالد محمد,37451,215444750,ذكر,الإدارة العامة للصوامع,ارتفاع ضغط الدم,1,جيدة,0,1,أجهزة طبية,الحركة,1,2,4
لولوا فهد ناصر,43588,215444751,انثى,الإدارة العامة لمراقبة المخزون,أمراض شرايين القلب,0,جيدة,0,1,أجهزة طبية,التواصل,1,3,1
ناصر سعد عبدالله,27704,215444752,ذكر,الإدارة العامة للمكتبات,أمراض الشرايين الطرفية,1,جيدة,0,1,أجهزة طبية,طبيعة العمل,3,0,3
شيماء خالد سعيد,13997,215444753,انثى,الإدارة العامة للمساجد,أمراض الكلى المزمنة,0,جيدة,0,1,أجهزة طبية,الحركة,2,1,0
راشد فهد محمد,31713,215444754,ذكر,الإدارة العامة للعمرة,أمراض الكبد المزمنة,1,جيدة,0,1,أجهزة طبية,التواصل,3,2,4
سحر سعد ناصر,21341,215444755,انثى,الإدارة العامة للزكاة,الأزمة التنفسية,0,جيدة,0,1,أجهزة طبية,طبيعة العمل,1,3,1
وليد خالد عبدالله,15550,215444756,ذكر,الإدارة العامة للدخل,الانسداد الرئوي,1,جيدة,0,1,أجهزة طبية,الحركة,2,0,3
فاطمة سعيد فهد,39376,215444757,انثى,الإدارة العامة للصوامع,جسدية,0,جيدة,0,1,أجهزة طبية,التواصل,1,1,0
سعود سعد محمد,13725,215444758,ذكر,الإدارة العامة لمراقبة المخزون,حسية,0,جيدة,0,1,أجهزة طبية,طبيعة العمل,3,2,3
جواهر خالد ناصر,64900,215444759,انثى,الإدارة العامة للمكتبات,إعاقة حركية,1,جيدة,0,1,أجهزة طبية,الحركة,2,3,2
علي فهد عبدالله,50421,215444760,ذكر,الإدارة العامة للمساجد,مرض مزمن,1,جيدة,0,1,أجهزة طبية,التواصل,1,0,3
نوف سعيد سعد,44555,215444761,انثى,الإدارة العامة للعمرة,مرض مستعصي,0,جيدة,0,1,أجهزة طبية,طبيعة العمل,3,1,0
خليل خالد محمد,29096,215444762,ذكر,الإدارة العامة للزكاة,فقدان أحد الأطراف,1,جيدة,0,1,أجهزة طبية,الحركة,1,2,4
هدى فهد ناصر,72972,215444763,انثى,الإدارة العامة للدخل,أخرى,0,جيدة,0,1,أدوية,التواصل,2,3,1
عبدالعزيز سعد عبدالله,41137,215444764,ذكر,الإدارة العامة لمراقبة المخزون,كفيف,1,جيدة,0,1,تأهيل نفسي,طبيعة العمل,3,1,1
أروى خالد سعيد,10717,215444765,انثى,الإدارة العامة للمكتبات,أبكم,0,جيدة,0,1,أجهزة طبية,الحركة,1,0,2
سعد فهد محمد,15383,215444766,ذكر,الإدارة العامة للمساجد,أصم,1,جيدة,0,1,أدوية,التواصل,2,2,4
لمى سعد ناصر,83640,215444767,انثى,الإدارة العامة للعمرة,أصم وأبكم,0,جيدة,0,1,تأهيل نفسي,طبيعة العمل,3,3,1
فهد خالد عبدالله,13973,215444768,ذكر,الإدارة العامة للزكاة,صعوبة نطق,1,جيدة,0,1,أجهزة طبية,الحركة,1,0,3
ريماس سعيد فهد,23604,215444769,انثى,الإدارة العامة للدخل,مرض السكري,0,جيدة,0,1,أدوية,التواصل,1,1,0
محسن خالد محمد,96710,215444770,ذكر,الإدارة العامة للصوامع,ارتفاع ضغط الدم,0,جيدة,0,1,تأهيل نفسي,طبيعة العمل,2,2,3
سارة سعد ناصر,41616,215444771,انثى,الإدارة العامة لمراقبة المخزون,أمراض شرايين القلب,1,جيدة,0,1,أجهزة طبية,الحركة,3,3,2
عبدالرحمن فهد عبدالله,25439,215444772,ذكر,الإدارة العامة للمكتبات,أمراض الشرايين الطرفية,1,جيدة,0,1,أدوية,التواصل,1,0,3
مريم خالد سعيد,34564,215444773,انثى,الإدارة العامة للمساجد,أمراض الكلى المزمنة,0,جيدة,0,1,تأهيل نفسي,طبيعة العمل,2,1,0
يحيى سعد محمد,85577,215444774,ذكر,الإدارة العامة للعمرة,أمراض الكبد المزمنة,1,جيدة,0,1,أجهزة طبية,الحركة,1,2,4
نادية فهد ناصر,29722,215444775,انثى,الإدارة العامة للزكاة,الأزمة التنفسية,0,جيدة,0,1,أدوية,التواصل,3,3,1
سلمان خالد عبدالله,21863,215444776,ذكر,الإدارة العامة للدخل,الانسداد الرئوي,1,جيدة,0,1,تأهيل نفسي,طبيعة العمل,2,0,3
غادة سعيد فهد,17541,215444777,انثى,الإدارة العامة للصوامع,جسدية,0,جيدة,0,1,أجهزة طبية,الحركة,1,1,0
إسماعيل سعد محمد,68858,215444778,ذكر,الإدارة العامة لمراقبة المخزون,حسية,1,جيدة,0,1,أدوية,التواصل,3,2,4
فدوى خالد ناصر,49115,215444779,انثى,الإدارة العامة للمكتبات,إعاقة حركية,0,جيدة,0,1,تأهيل نفسي,طبيعة العمل,2,3,1
طارق فهد عبدالله,15791,215444780,ذكر,الإدارة العامة للمساجد,مرض مزمن,1,جيدة,0,1,أجهزة طبية,الحركة,1,0,3
أمل سعد سعيد,93743,215444781,انثى,الإدارة العامة للعمرة,مرض مستعصي,0,جيدة,0,1,أدوية,التواصل,1,1,0
عبدالملك خالد محمد,99423,215444782,ذكر,الإدارة العامة للزكاة,فقدان أحد الأطراف,0,جيدة,0,1,تأهيل نفسي,طبيعة العمل,3,2,3
سمية فهد ناصر,11924,215444783,انثى,الإدارة العامة للدخل,أخرى,1,جيدة,0,1,أجهزة طبية,الحركة,2,3,2
بدر سعد عبدالله,74529,215444784,ذكر,الإدارة العامة لمراقبة المخزون,كفيف,1,جيدة,0,1,أدوية,التواصل,3,1,1
منال خالد سعيد,44959,215444785,انثى,الإدارة العامة للمكتبات,أبكم,0,جيدة,0,1,تأهيل نفسي,طبيعة العمل,1,0,2
هشام فهد محمد,65653,215444786,ذكر,الإدارة العامة للمساجد,أصم,1,جيدة,0,1,أجهزة طبية,الحركة,2,2,4
عبير سعد ناصر,30413,215444787,انثى,الإدارة العامة للعمرة,أصم وأبكم,0,جيدة,0,1,أدوية,التواصل,1,3,1
فارس خالد عبدالله,88319,215444788,ذكر,الإدارة العامة للزكاة,صعوبة نطق,1,جيدة,0,1,تأهيل نفسي,طبيعة العمل,3,0,3
نجلاء سعيد فهد,70490,215444789,انثى,الإدارة العامة للدخل,مرض السكري,0,جيدة,0,1,أجهزة طبية,الحركة,2,1,0
زيد سعد محمد,82955,215444790,ذكر,الإدارة العامة للصوامع,ارتفاع ضغط الدم,1,جيدة,0,1,أدوية,التواصل,1,2,4
رغد خالد ناصر,45005,215444791,انثى,الإدارة العامة لمراقبة المخزون,أمراض شرايين القلب,0,جيدة,0,1,أدوية,طبيعة العمل,3,3,1
سامي فهد عبدالله,54085,215444792,ذكر,الإدارة العامة للمكتبات,أمراض الشرايين الطرفية,1,جيدة,0,1,أدوية,الحركة,1,0,3
لمياء سعد سعيد,96517,215444793,انثى,الإدارة العامة للمساجد,أمراض الكلى المزمنة,0,جيدة,0,1,أدوية,التواصل,2,1,0
عبدالهادي خالد محمد,44694,215444794,ذكر,الإدارة العامة للعمرة,أمراض الكبد المزمنة,0,جيدة,0,1,أدوية,طبيعة العمل,3,2,3
ألما فهد ناصر,28970,215444795,انثى,الإدارة العامة للزكاة,الأزمة التنفسية,1,جيدة,0,1,أدوية,الحركة,1,3,2
رائد سعد عبدالله,17221,215444796,ذكر,الإدارة العامة للدخل,الانسداد الرئوي,1,جيدة,0,1,أدوية,التواصل,2,0,3
سجى خالد سعيد,91984,215444797,انثى,الإدارة العامة للصوامع,جسدية,0,جيدة,0,1,أدوية,طبيعة العمل,3,1,0
عدي فهد محمد,94393,215444798,ذكر,الإدارة العامة لمراقبة المخزون,حسية,1,جيدة,0,1,أدوية,الحركة,1,2,4
إيناس سعد ناصر,70291,215444799,انثى,الإدارة العامة للمكتبات,إعاقة حركية,0,جيدة,0,1,أدوية,التواصل,1,3,1
أنس خالد عبدالله,97139,215444800,ذكر,الإدارة العامة للمساجد,مرض مزمن,1,جيدة,0,1,أدوية,طبيعة العمل,2,0,3
ميسم سعيد فهد,52485,215444801,انثى,الإدارة العامة للعمرة,مرض مستعصي,0,جيدة,0,1,أدوية,الحركة,3,1,0
جمال سعد محمد,58962,215444802,ذكر,الإدارة العامة للزكاة,فقدان أحد الأطراف,1,جيدة,0,1,أدوية,التواصل,1,2,4
ريم خالد ناصر,23854,215444803,انثى,الإدارة العامة للدخل,أخرى,0,جيدة,0,1,تأهيل نفسي,طبيعة العمل,2,3,1
وسام فهد عبدالله,99853,215444804,ذكر,الإدارة العامة لمراقبة المخزون,كفيف,1,جيدة,0,1,أجهزة طبية,الحركة,1,1,1
سلمى سعد سعيد,75094,215444805,انثى,الإدارة العامة للمكتبات,أبكم,0,جيدة,0,1,أجهزة طبية,التواصل,3,0,2
نايف خالد محمد,73080,215444806,ذكر,الإدارة العامة للمساجد,أصم,0,جيدة,0,1,أجهزة طبية,طبيعة العمل,2,2,3
هبة فهد ناصر,47816,215444807,انثى,الإدارة العامة للعمرة,أصم وأبكم,1,جيدة,0,1,أجهزة طبية,الحركة,1,3,2
طه سعد عبدالله,49404,215444808,ذكر,الإدارة العامة للزكاة,صعوبة نطق,1,جيدة,0,1,أجهزة طبية,التواصل,3,0,3
دانة خالد سعيد,15609,215444809,انثى,الإدارة العامة للدخل,مرض السكري,0,جيدة,0,1,أجهزة طبية,طبيعة العمل,2,1,0
مؤمن فهد محمد,33675,215444810,ذكر,الإدارة العامة للصوامع,ارتفاع ضغط الدم,1,جيدة,0,1,أجهزة طبية,الحركة,1,2,4
سارة سعد ناصر,41289,215444811,انثى,الإدارة العامة لمراقبة المخزون,أمراض شرايين القلب,0,جيدة,0,1,أدوية,التواصل,1,3,1
خالد فهد عبدالله,98501,215444812,ذكر,الإدارة العامة للمكتبات,أمراض الشرايين الطرفية,1,جيدة,0,1,تأهيل نفسي,طبيعة العمل,3,0,3
أسماء سعيد سعد,30772,215444813,انثى,الإدارة العامة للمساجد,أمراض الكلى المزمنة,0,جيدة,0,1,أجهزة طبية,الحركة,2,1,0
سعد خالد محمد,89013,215444814,ذكر,الإدارة العامة للعمرة,أمراض الكبد المزمنة,1,جيدة,0,1,أدوية,التواصل,3,2,4
ريم فهد ناصر,86343,215444815,انثى,الإدارة العامة للزكاة,الأزمة التنفسية,0,جيدة,0,1,تأهيل نفسي,طبيعة العمل,1,3,1
علي سعد عبدالله,57816,215444816,ذكر,الإدارة العامة للدخل,الانسداد الرئوي,1,جيدة,0,1,أجهزة طبية,الحركة,2,0,3
فاطمة خالد سعيد,63465,215444817,انثى,الإدارة العامة للصوامع,جسدية,0,جيدة,0,1,أدوية,التواصل,1,1,0
عبدالله فهد محمد,46912,215444818,ذكر,الإدارة العامة لمراقبة المخزون,حسية,0,جيدة,0,1,تأهيل نفسي,طبيعة العمل,3,2,3
مريم سعد ناصر,36574,215444819,انثى,الإدارة العامة للمكتبات,إعاقة حركية,1,جيدة,0,1,أجهزة طبية,الحركة,2,3,2
محمد خالد عبدالله,36157,215444820,ذكر,الإدارة العامة للمساجد,مرض مزمن,1,جيدة,0,1,أدوية,التواصل,1,0,3
نورة سعيد فهد,73649,215444821,انثى,الإدارة العامة للعمرة,مرض مستعصي,0,جيدة,0,1,تأهيل نفسي,طبيعة العمل,3,1,0
خالد سعد محمد,74789,215444822,ذكر,الإدارة العامة للزكاة,فقدان أحد الأطراف,1,جيدة,1,1,أجهزة طبية,الحركة,1,3,4
سارة فهد ناصر,72878,215444823,انثى,الإدارة العامة للدخل,أخرى,0,جيدة,0,1,أدوية,التواصل,2,3,1
أحمد خالد عبدالله,83389,215444824,ذكر,الإدارة العامة لمراقبة المخزون,كفيف,1,جيدة,0,1,تأهيل نفسي,طبيعة العمل,3,1,1
ليلى سعد سعيد,26534,215444825,انثى,الإدارة العامة للمكتبات,أبكم,0,جيدة,0,1,أجهزة طبية,الحركة,1,0,2
فهد خالد محمد,10540,215444826,ذكر,الإدارة العامة للمساجد,أصم,1,جيدة,0,1,أدوية,التواصل,2,2,4
آمنة فهد ناصر,57716,215444827,انثى,الإدارة العامة للعمرة,أصم وأبكم,0,جيدة,1,1,تأهيل نفسي,طبيعة العمل,3,4,1
عبدالرحمن سعد عبدالله,24062,215444828,ذكر,الإدارة العامة للزكاة,صعوبة نطق,1,جيدة,0,1,أجهزة طبية,الحركة,1,0,3
مها خالد سعيد,76786,215444829,انثى,الإدارة العامة للدخل,مرض السكري,0,جيدة,0,1,أدوية,التواصل,1,1,0
حسن فهد محمد,31933,215444830,ذكر,الإدارة العامة للصوامع,ارتفاع ضغط الدم,0,جيدة,0,1,تأهيل نفسي,طبيعة العمل,2,2,3
لولوا سعد ناصر,53111,215444831,انثى,الإدارة العامة لمراقبة المخزون,أمراض شرايين القلب,1,جيدة,0,1,أجهزة طبية,الحركة,3,3,2
ناصر خالد عبدالله,25307,215444832,ذكر,الإدارة العامة للمكتبات,أمراض الشرايين الطرفية,1,جيدة,0,1,أدوية,التواصل,1,0,3
شيماء سعيد فهد,10968,215444833,انثى,الإدارة العامة للمساجد,أمراض الكلى المزمنة,0,جيدة,0,1,تأهيل نفسي,طبيعة العمل,2,1,0
راشد سعد محمد,89343,215444834,ذكر,الإدارة العامة للعمرة,أمراض الكبد المزمنة,1,جيدة,0,1,أجهزة طبية,الحركة,1,2,4
سحر خالد ناصر,33949,215444835,انثى,الإدارة العامة للزكاة,الأزمة التنفسية,0,جيدة,1,1,أدوية,التواصل,3,4,1
وليد فهد عبدالله,33587,215444836,ذكر,الإدارة العامة للدخل,الانسداد الرئوي,1,جيدة,0,1,تأهيل نفسي,طبيعة العمل,2,0,3
فاطمة سعد سعيد,79641,215444837,انثى,الإدارة العامة للصوامع,جسدية,0,جيدة,0,1,أجهزة طبية,الحركة,1,1,0
سعود خالد محمد,41342,215444838,ذكر,الإدارة العامة لمراقبة المخزون,حسية,1,جيدة,0,1,أدوية,التواصل,3,2,4
جواهر فهد ناصر,17964,215444839,انثى,الإدارة العامة للمكتبات,إعاقة حركية,0,جيدة,0,1,تأهيل نفسي,طبيعة العمل,2,3,1
علي سعد عبدالله,52697,215444840,ذكر,الإدارة العامة للمساجد,مرض مزمن,1,جيدة,0,1,أجهزة طبية,الحركة,1,0,3
نوف خالد سعيد,87104,215444841,انثى,الإدارة العامة للعمرة,مرض مستعصي,0,جيدة,0,1,أدوية,التواصل,1,1,0
خليل فهد محمد,93351,215444842,ذكر,الإدارة العامة للزكاة,فقدان أحد الأطراف,0,جيدة,1,1,تأهيل نفسي,طبيعة العمل,3,3,3
هدى سعد ناصر,81163,215444843,انثى,الإدارة العامة للدخل,أخرى,1,جيدة,0,1,أجهزة طبية,الحركة,2,3,2
عبدالعزيز خالد عبدالله,26125,215444844,ذكر,الإدارة العامة لمراقبة المخزون,كفيف,1,جيدة,0,1,أدوية,التواصل,3,1,1
أروى سعيد فهد,38448,215444845,انثى,الإدارة العامة للمكتبات,أبكم,0,جيدة,0,1,تأهيل نفسي,طبيعة العمل,1,0,2
سعد خالد محمد,22372,215444846,ذكر,الإدارة العامة للمساجد,أصم,1,جيدة,0,1,أجهزة طبية,الحركة,2,2,4
لمى فهد ناصر,65791,215444847,انثى,الإدارة العامة للعمرة,أصم وأبكم,0,جيدة,0,1,أجهزة طبية,التواصل,1,3,1
فهد سعد عبدالله,69149,215444848,ذكر,الإدارة العامة للزكاة,صعوبة نطق,1,جيدة,0,1,أجهزة طبية,طبيعة العمل,3,0,3
ريماس خالد سعيد,41845,215444849,انثى,الإدارة العامة للدخل,مرض السكري,0,جيدة,0,1,أجهزة طبية,الحركة,2,1,0
محسن فهد محمد,80522,215444850,ذكر,الإدارة العامة للصوامع,ارتفاع ضغط الدم,1,جيدة,0,1,أجهزة طبية,التواصل,1,2,4
سارة سعد ناصر,25579,215444851,انثى,الإدارة العامة لمراقبة المخزون,أمراض شرايين القلب,0,جيدة,0,1,أجهزة طبية,طبيعة العمل,3,3,1
عبدالرحمن خالد عبدالله,39665,215444852,ذكر,الإدارة العامة للمكتبات,أمراض الشرايين الطرفية,1,جيدة,0,1,أجهزة طبية,الحركة,1,0,3
مريم سعيد فهد,20802,215444853,انثى,الإدارة العامة للمساجد,أمراض الكلى المزمنة,0,جيدة,0,1,أجهزة طبية,التواصل,2,1,0
يحيى سعد محمد,41532,215444854,ذكر,الإدارة العامة للعمرة,أمراض الكبد المزمنة,0,جيدة,1,1,أجهزة طبية,طبيعة العمل,3,3,3
نادية خالد ناصر,63727,215444855,انثى,الإدارة العامة للزكاة,الأزمة التنفسية,1,جيدة,0,1,أجهزة طبية,الحركة,1,3,2
سلمان فهد عبدالله,55941,215444856,ذكر,الإدارة العامة للدخل,الانسداد الرئوي,1,جيدة,0,1,أدوية,التواصل,2,0,3
غادة سعد سعيد,84323,215444857,انثى,الإدارة العامة للصوامع,جسدية,0,جيدة,0,1,تأهيل نفسي,طبيعة العمل,3,1,0
إسماعيل خالد محمد,89696,215444858,ذكر,الإدارة العامة لمراقبة المخزون,حسية,1,جيدة,0,1,تأهيل نفسي,الحركة,1,2,4
فدوى فهد ناصر,85405,215444859,انثى,الإدارة العامة للمكتبات,إعاقة حركية,0,جيدة,0,1,تأهيل نفسي,التواصل,1,3,1
طارق سعد عبدالله,51404,215444860,ذكر,الإدارة العامة للمساجد,مرض مزمن,1,جيدة,0,1,تأهيل نفسي,طبيعة العمل,2,0,3
أمل خالد سعيد,79842,215444861,انثى,الإدارة العامة للعمرة,مرض مستعصي,0,جيدة,0,1,تأهيل نفسي,الحركة,3,1,0
عبدالملك فهد محمد,41818,215444862,ذكر,الإدارة العامة للزكاة,فقدان أحد الأطراف,1,جيدة,0,1,تأهيل نفسي,التواصل,1,2,4
سمية سعد ناصر,32061,215444863,انثى,الإدارة العامة للدخل,أخرى,0,سيئة,0,1,تأهيل نفسي,طبيعة العمل,2,3,1
